clip,clip_filename,clip_relpath,file_url,http_rel_link,down,to_go,yards,side,rp,dir,phase,notes,exclude
2,clip_002.mp4,clips/clip_002.mp4,file:///home/scott/mca-gameday-camera/recordings/raw/jenks_silver_20250913/Wide - Clip 002.mp4,./clips/clip_002.mp4,,,0,offense,pass,right,unknown,,
3,clip_003.mp4,clips/clip_003.mp4,file:///home/scott/mca-gameday-camera/recordings/raw/jenks_silver_20250913/Wide - Clip 003.mp4,./clips/clip_003.mp4,1,10,3,offense,run,right,unknown,,
5,clip_005.mp4,clips/clip_005.mp4,file:///home/scott/mca-gameday-camera/recordings/raw/jenks_silver_20250913/Wide - Clip 005.mp4,./clips/clip_005.mp4,3,5,0,offense,pass,right,unknown,incomplete pass; go route right to #27,
6,clip_006.mp4,clips/clip_006.mp4,file:///home/scott/mca-gameday-camera/recordings/raw/jenks_silver_20250913/Wide - Clip 006.mp4,./clips/clip_006.mp4,4,5,3,offense,pass,right,unknown,,n
7,clip_007.mp4,clips/clip_007.mp4,file:///home/scott/mca-gameday-camera/recordings/raw/jenks_silver_20250913/Wide - Clip 007.mp4,./clips/clip_007.mp4,1,10,27,defense,run,right,unknown,tailback c gap with receiver in motion lead blocking,
8,clip_008.mp4,clips/clip_008.mp4,file:///home/scott/mca-gameday-camera/recordings/raw/jenks_silver_20250913/Wide - Clip 008.mp4,./clips/clip_008.mp4,1,10,16,defense,run,right,unknown,tailback b gap,
9,clip_009.mp4,clips/clip_009.mp4,file:///home/scott/mca-gameday-camera/recordings/raw/jenks_silver_20250913/Wide - Clip 009.mp4,./clips/clip_009.mp4,1,10,13,defense,run,left,unknown,inside right receiver jet sweep touchdown called back holding,
10,clip_010.mp4,clips/clip_010.mp4,file:///home/scott/mca-gameday-camera/recordings/raw/jenks_silver_20250913/Wide - Clip 010.mp4,./clips/clip_010.mp4,1,20,6,defense,run,right,unknown,tailback b gap,
11,clip_011.mp4,clips/clip_011.mp4,file:///home/scott/mca-gameday-camera/recordings/raw/jenks_silver_20250913/Wide - Clip 011.mp4,./clips/clip_011.mp4,2,16,3,offense,run,right,unknown,tailback b gap,
12,clip_012.mp4,clips/clip_012.mp4,file:///home/scott/mca-gameday-camera/recordings/raw/jenks_silver_20250913/Wide - Clip 012.mp4,./clips/clip_012.mp4,3,13,8,offense,run,left,unknown,inside right receiver jet sweep; block in the back,
13,clip_013.mp4,clips/clip_013.mp4,file:///home/scott/mca-gameday-camera/recordings/raw/jenks_silver_20250913/Wide - Clip 013.mp4,./clips/clip_013.mp4,4,10,3,offense,run,right,unknown,tailback b gap,
14,clip_014.mp4,clips/clip_014.mp4,file:///home/scott/mca-gameday-camera/recordings/raw/jenks_silver_20250913/Wide - Clip 014.mp4,./clips/clip_014.mp4,1,10,2,offense,pass,right,unknown,QB sneak a gap,n
16,clip_016.mp4,clips/clip_016.mp4,file:///home/scott/mca-gameday-camera/recordings/raw/jenks_silver_20250913/Wide - Clip 016.mp4,./clips/clip_016.mp4,2,3,6,defense,pass,right,unknown,"inside receiver ran 5 yard out, complete",
17,clip_017.mp4,clips/clip_017.mp4,file:///home/scott/mca-gameday-camera/recordings/raw/jenks_silver_20250913/Wide - Clip 017.mp4,./clips/clip_017.mp4,1,10,1,offense,run,left,unknown,QB keeper,
18,clip_018.mp4,clips/clip_018.mp4,file:///home/scott/mca-gameday-camera/recordings/raw/jenks_silver_20250913/Wide - Clip 018.mp4,./clips/clip_018.mp4,2,9,1,offense,run,left,unknown,tailback b gap,
19,clip_019.mp4,clips/clip_019.mp4,file:///home/scott/mca-gameday-camera/recordings/raw/jenks_silver_20250913/Wide - Clip 019.mp4,./clips/clip_019.mp4,3,10,0,offense,run,left,unknown,tailback b gap,
20,clip_020.mp4,clips/clip_020.mp4,file:///home/scott/mca-gameday-camera/recordings/raw/jenks_silver_20250913/Wide - Clip 020.mp4,./clips/clip_020.mp4,4,11,0,offense,run,left,unknown,bad snap,
21,clip_021.mp4,clips/clip_021.mp4,file:///home/scott/mca-gameday-camera/recordings/raw/jenks_silver_20250913/Wide - Clip 021.mp4,./clips/clip_021.mp4,1,10,20,defense,run,left,unknown,inside right receiver jet sweep touchdown,
22,clip_022.mp4,clips/clip_022.mp4,file:///home/scott/mca-gameday-camera/recordings/raw/jenks_silver_20250913/Wide - Clip 022.mp4,./clips/clip_022.mp4,,,0,defense,pass,left,unknown,good,
23,clip_023.mp4,clips/clip_023.mp4,file:///home/scott/mca-gameday-camera/recordings/raw/jenks_silver_20250913/Wide - Clip 023.mp4,./clips/clip_023.mp4,,,0,offense,pass,right,unknown,,
24,clip_024.mp4,clips/clip_024.mp4,file:///home/scott/mca-gameday-camera/recordings/raw/jenks_silver_20250913/Wide - Clip 024.mp4,./clips/clip_024.mp4,1,10,3,offense,run,left,unknown,tailback b gap,
25,clip_025.mp4,clips/clip_025.mp4,file:///home/scott/mca-gameday-camera/recordings/raw/jenks_silver_20250913/Wide - Clip 025.mp4,./clips/clip_025.mp4,2,7,17,offense,pass,left,unknown,"inside left receiver ran 5 yard out, complete",
26,clip_026.mp4,clips/clip_026.mp4,file:///home/scott/mca-gameday-camera/recordings/raw/jenks_silver_20250913/Wide - Clip 026.mp4,./clips/clip_026.mp4,1,10,7,offense,pass,left,unknown,quick screen to outside left receiver,
27,clip_027.mp4,clips/clip_027.mp4,file:///home/scott/mca-gameday-camera/recordings/raw/jenks_silver_20250913/Wide - Clip 027.mp4,./clips/clip_027.mp4,2,4,7,offense,run,left,unknown,tailback b gap,
28,clip_028.mp4,clips/clip_028.mp4,file:///home/scott/mca-gameday-camera/recordings/raw/jenks_silver_20250913/Wide - Clip 028.mp4,./clips/clip_028.mp4,1,10,0,offense,run,right,unknown,QB keeper,
29,clip_029.mp4,clips/clip_029.mp4,file:///home/scott/mca-gameday-camera/recordings/raw/jenks_silver_20250913/Wide - Clip 029.mp4,./clips/clip_029.mp4,2,10,20,offense,pass,left,unknown,"outside left ran go route, complete",
30,clip_030.mp4,clips/clip_030.mp4,file:///home/scott/mca-gameday-camera/recordings/raw/jenks_silver_20250913/Wide - Clip 030.mp4,./clips/clip_030.mp4,1,10,1,offense,run,left,unknown,tailback b gap,
31,clip_031.mp4,clips/clip_031.mp4,file:///home/scott/mca-gameday-camera/recordings/raw/jenks_silver_20250913/Wide - Clip 031.mp4,./clips/clip_031.mp4,1,10,0,defense,pass,left,unknown,"tailback flare left, complete",
32,clip_032.mp4,clips/clip_032.mp4,file:///home/scott/mca-gameday-camera/recordings/raw/jenks_silver_20250913/Wide - Clip 032.mp4,./clips/clip_032.mp4,,,0,defense,run,unknown,unknown,good,
33,clip_033.mp4,clips/clip_033.mp4,file:///home/scott/mca-gameday-camera/recordings/raw/jenks_silver_20250913/Wide - Clip 033.mp4,./clips/clip_033.mp4,,,0,defense,pass,unknown,unknown,,
34,clip_034.mp4,clips/clip_034.mp4,file:///home/scott/mca-gameday-camera/recordings/raw/jenks_silver_20250913/Wide - Clip 034.mp4,./clips/clip_034.mp4,1,10,0,offense,pass,left,unknown,"outside left ran go route, interception",
35,clip_035.mp4,clips/clip_035.mp4,file:///home/scott/mca-gameday-camera/recordings/raw/jenks_silver_20250913/Wide - Clip 035.mp4,./clips/clip_035.mp4,,,0,defense,run,unknown,unknown,,
36,clip_036.mp4,clips/clip_036.mp4,file:///home/scott/mca-gameday-camera/recordings/raw/jenks_silver_20250913/Wide - Clip 036.mp4,./clips/clip_036.mp4,1,10,0,defense,pass,left,unknown,tailback b gap,n
37,clip_037.mp4,clips/clip_037.mp4,file:///home/scott/mca-gameday-camera/recordings/raw/jenks_silver_20250913/Wide - Clip 037.mp4,./clips/clip_037.mp4,1,10,4,defense,run,right,unknown,tailback b gap,
38,clip_038.mp4,clips/clip_038.mp4,file:///home/scott/mca-gameday-camera/recordings/raw/jenks_silver_20250913/Wide - Clip 038.mp4,./clips/clip_038.mp4,2,6,5,defense,run,right,unknown,tailback b gap,
39,clip_039.mp4,clips/clip_039.mp4,file:///home/scott/mca-gameday-camera/recordings/raw/jenks_silver_20250913/Wide - Clip 039.mp4,./clips/clip_039.mp4,3,1,0,defense,run,right,unknown,tailback b gap,
40,clip_040.mp4,clips/clip_040.mp4,file:///home/scott/mca-gameday-camera/recordings/raw/jenks_silver_20250913/Wide - Clip 040.mp4,./clips/clip_040.mp4,4,1,15,defense,run,left,unknown,fullback a gap,
41,clip_041.mp4,clips/clip_041.mp4,file:///home/scott/mca-gameday-camera/recordings/raw/jenks_silver_20250913/Wide - Clip 041.mp4,./clips/clip_041.mp4,,,0,defense,run,left,unknown,no good,
42,clip_042.mp4,clips/clip_042.mp4,file:///home/scott/mca-gameday-camera/recordings/raw/jenks_silver_20250913/Wide - Clip 042.mp4,./clips/clip_042.mp4,,,0,offense,pass,unknown,unknown,,
43,clip_043.mp4,clips/clip_043.mp4,file:///home/scott/mca-gameday-camera/recordings/raw/jenks_silver_20250913/Wide - Clip 043.mp4,./clips/clip_043.mp4,1,10,0,offense,pass,left,unknown,"inside left receiver 5 yard out, incomplete",
44,clip_044.mp4,clips/clip_044.mp4,file:///home/scott/mca-gameday-camera/recordings/raw/jenks_silver_20250913/Wide - Clip 044.mp4,./clips/clip_044.mp4,2,10,0,offense,run,left,unknown,"splitback counter, faking b gap tailback",
45,clip_045.mp4,clips/clip_045.mp4,file:///home/scott/mca-gameday-camera/recordings/raw/jenks_silver_20250913/Wide - Clip 045.mp4,./clips/clip_045.mp4,3,10,0,offense,pass,left,unknown,"outside left receiver go route, incomplete",
46,clip_046.mp4,clips/clip_046.mp4,file:///home/scott/mca-gameday-camera/recordings/raw/jenks_silver_20250913/Wide - Clip 046.mp4,./clips/clip_046.mp4,4,10,0,offense,pass,left,unknown,"outside left receiver go route, incomplete",
47,clip_047.mp4,clips/clip_047.mp4,file:///home/scott/mca-gameday-camera/recordings/raw/jenks_silver_20250913/Wide - Clip 047.mp4,./clips/clip_047.mp4,1,10,1,defense,run,right,unknown,fullback a gap,
48,clip_048.mp4,clips/clip_048.mp4,file:///home/scott/mca-gameday-camera/recordings/raw/jenks_silver_20250913/Wide - Clip 048.mp4,./clips/clip_048.mp4,2,10,15,defense,pass,left,unknown,"tailback flare left, complete",
49,clip_049.mp4,clips/clip_049.mp4,file:///home/scott/mca-gameday-camera/recordings/raw/jenks_silver_20250913/Wide - Clip 049.mp4,./clips/clip_049.mp4,1,10,23,defense,run,right,unknown,tailback b gap,
50,clip_050.mp4,clips/clip_050.mp4,file:///home/scott/mca-gameday-camera/recordings/raw/jenks_silver_20250913/Wide - Clip 050.mp4,./clips/clip_050.mp4,1,10,2,defense,run,right,unknown,"fullback a gap, touchdown",
51,clip_051.mp4,clips/clip_051.mp4,file:///home/scott/mca-gameday-camera/recordings/raw/jenks_silver_20250913/Wide - Clip 051.mp4,./clips/clip_051.mp4,,,0,defense,pass,left,unknown,good,
52,clip_052.mp4,clips/clip_052.mp4,file:///home/scott/mca-gameday-camera/recordings/raw/jenks_silver_20250913/Wide - Clip 052.mp4,./clips/clip_052.mp4,,,0,offense,pass,right,unknown,,
53,clip_053.mp4,clips/clip_053.mp4,file:///home/scott/mca-gameday-camera/recordings/raw/jenks_silver_20250913/Wide - Clip 053.mp4,./clips/clip_053.mp4,1,10,2,offense,pass,left,unknown,tailback b gap,n
54,clip_054.mp4,clips/clip_054.mp4,file:///home/scott/mca-gameday-camera/recordings/raw/jenks_silver_20250913/Wide - Clip 054.mp4,./clips/clip_054.mp4,2,10,0,offense,pass,left,unknown,"inside left receiver 5 yard out, incomplete",
55,clip_055.mp4,clips/clip_055.mp4,file:///home/scott/mca-gameday-camera/recordings/raw/jenks_silver_20250913/Wide - Clip 055.mp4,./clips/clip_055.mp4,3,10,0,offense,run,left,unknown,tailback b gap,
56,clip_056.mp4,clips/clip_056.mp4,file:///home/scott/mca-gameday-camera/recordings/raw/jenks_silver_20250913/Wide - Clip 056.mp4,./clips/clip_056.mp4,4,10,0,offense,pass,right,unknown,"quick screen right, incomplete",
57,clip_057.mp4,clips/clip_057.mp4,file:///home/scott/mca-gameday-camera/recordings/raw/jenks_silver_20250913/Wide - Clip 057.mp4,./clips/clip_057.mp4,1,10,10,defense,run,left,unknown,tailback b gap,
58,clip_058.mp4,clips/clip_058.mp4,file:///home/scott/mca-gameday-camera/recordings/raw/jenks_silver_20250913/Wide - Clip 058.mp4,./clips/clip_058.mp4,1,10,22,defense,run,right,unknown,"tailback b gap, touchdown",
59,clip_059.mp4,clips/clip_059.mp4,file:///home/scott/mca-gameday-camera/recordings/raw/jenks_silver_20250913/Wide - Clip 059.mp4,./clips/clip_059.mp4,,,0,defense,run,right,unknown,"inside left receiver jet sweep, no good",
60,clip_060.mp4,clips/clip_060.mp4,file:///home/scott/mca-gameday-camera/recordings/raw/jenks_silver_20250913/Wide - Clip 060.mp4,./clips/clip_060.mp4,,,0,defense,run,left,unknown,,
61,clip_061.mp4,clips/clip_061.mp4,file:///home/scott/mca-gameday-camera/recordings/raw/jenks_silver_20250913/Wide - Clip 061.mp4,./clips/clip_061.mp4,1,10,0,offense,pass,right,unknown,tailback b gap,n
62,clip_062.mp4,clips/clip_062.mp4,file:///home/scott/mca-gameday-camera/recordings/raw/jenks_silver_20250913/Wide - Clip 062.mp4,./clips/clip_062.mp4,2,15,0,offense,pass,right,unknown,"inside right receiver 5 yard out, incomplete",
63,clip_063.mp4,clips/clip_063.mp4,file:///home/scott/mca-gameday-camera/recordings/raw/jenks_silver_20250913/Wide - Clip 063.mp4,./clips/clip_063.mp4,3,15,0,offense,run,right,unknown,tailback b gap,
64,clip_064.mp4,clips/clip_064.mp4,file:///home/scott/mca-gameday-camera/recordings/raw/jenks_silver_20250913/Wide - Clip 064.mp4,./clips/clip_064.mp4,4,15,0,offense,pass,right,unknown,"outside right receiver quick screen, incomplete",
