b50825f8d6994f017defb0282eec5d7510daf23a,DELETE,regular-file,video/manual_uploads/IMG_3629.MP4,3892850,
75ffedaf264cb1f7a217ae33cfadd46f0d04fa45,DELETE,regular-file,video/manual_uploads/IMG_3630.MP4,7158551,
3b2d629696cefddd1dea7018be0249225705e304,DELETE,regular-file,video/manual_uploads/IMG_7575.MP4,2605180,
4591c83bbc58e4706c95ab6d549795c41915cac8,DELETE,regular-file,video/manual_uploads/IMG_7576.MP4,5580402,
1ac1276622222c4dbe2458da269486f38151d6c7,DELETE,regular-file,video/manual_uploads/IMG_7577.MP4,6158159,
85dd71a7301908fab77e37b5169c1b23e2820be1,DELETE,regular-file,video/manual_uploads/IMG_7578.MP4,4500993,
43849da4d4b87111aeccb6be799ab20f797018d0,DELETE,regular-file,video/manual_uploads/IMG_7579.MP4,2666388,
8e838f7ddf517609357344ce9428382980e51c8f,DELETE,regular-file,video/manual_uploads/IMG_7580.MP4,5545313,
e1bc9bdfed3f2fbbb6b21ff690d8b86bb1a38098,DELETE,regular-file,video/manual_uploads/IMG_7581.MP4,4149887,
e551661277e2ad03d8af728c296c6c8be9be42df,DELETE,regular-file,video/manual_uploads/IMG_7582.MP4,4365598,
ba8e91d54d8894d8b301395bd1f3663d09abb5a3,DELETE,regular-file,video/manual_uploads/IMG_7583.MP4,3105299,
eb0550dcb19448110aca5314066e0e7e6cae65f4,DELETE,regular-file,video/manual_uploads/IMG_7584.MP4,3192802,
6ab15ba23ee69b3456acaf2d0aa46e9f437377ac,DELETE,regular-file,video/manual_uploads/IMG_7585.MP4,4728840,
84af722b922afe9b58656a06bc37944123da5d80,DELETE,regular-file,video/manual_uploads/IMG_7586.MP4,4642495,
377a62d179aeb5d195688b2de86aca68d64d4177,DELETE,regular-file,video/manual_uploads/IMG_7587.MP4,4075957,
6276c3b52cd0870d789a62e8d2dbd2ab3839d442,DELETE,regular-file,video/manual_uploads/IMG_7588.MP4,4976485,
c4e98ddf711a64f69820aa6d8f91c0b90ba54609,DELETE,regular-file,video/manual_uploads/IMG_7589.MP4,3001687,
0529b9ca18d56ec7d5272c39bec72cc1f8b8e2f8,DELETE,regular-file,video/manual_uploads/IMG_7590.MP4,4433349,
c3c6c29ac563a5fe9838d170e00439d29bdb6710,DELETE,regular-file,video/manual_uploads/IMG_7591.MP4,4553585,
acf845387efaef080ee493c20ef4e158c5827557,DELETE,regular-file,video/manual_uploads/IMG_7592.MP4,5476780,
176fac6390498f2c43614434dac6f8891a825e07,DELETE,regular-file,video/manual_uploads/IMG_7593.MP4,2914745,
07b299061c93b155786118949de2ae1c5ac97c90,DELETE,regular-file,video/manual_uploads/IMG_7594.MP4,3388499,
1185792de590c370c5974cbc60c8f5a71f5f3a2b,DELETE,regular-file,video/manual_uploads/IMG_7595.MP4,563910,
d4434a3bd7c0275349ce91369b979bceb12d5941,DELETE,regular-file,video/manual_uploads/IMG_7596.MP4,2959745,
d2baa5e23db23aa6b018a13a3a7cd6f4504ed344,DELETE,regular-file,video/manual_uploads/IMG_7597.MP4,1729738,
def190510bc400434f07b1b84e72a030b781cff9,DELETE,regular-file,video/manual_uploads/IMG_7598.MP4,2614379,
c9450cd726e851853875e2024da8c26caf7e6fc6,DELETE,regular-file,video/manual_uploads/IMG_7599.MP4,2947806,
376b098a2eeefcf18c736c9e95ee1f704e5a4e53,DELETE,regular-file,video/manual_uploads/IMG_7600.MP4,6851741,
081896c2f21c924b9c92b7b52c76c98f7374da7e,DELETE,regular-file,video/manual_uploads/IMG_7601.MP4,3774361,
cb24539d08dc7f72752d04974d9f98aeecd2f3d9,DELETE,regular-file,video/manual_uploads/IMG_7602.MP4,3869880,
846e8be28335d9b7fc14f77e19a4504f038f23fb,DELETE,regular-file,video/manual_uploads/IMG_7603.MP4,3106855,
588752f2ef8f2e79f01727c81141f9fc2d4835fb,DELETE,regular-file,video/manual_uploads/IMG_7604.MP4,3993457,
65c53400c6f0376d3c3dec0d1463bd5a5a3da836,DELETE,regular-file,video/manual_uploads/IMG_7605.MP4,5054481,
c756bb8068ef68da963284c46ea1286e564b351b,DELETE,regular-file,video/manual_uploads/IMG_7606.MP4,2607745,
9536c92e99bb0289a288601c90bfab7978850889,DELETE,regular-file,video/manual_uploads/IMG_7607.MP4,6442743,
47852dd703065557d4df2a262d7483d79a787a0b,DELETE,regular-file,video/manual_uploads/IMG_7608.MP4,6112616,
c4a3bff640cc45490ee1fb813d018bbdaf074f90,DELETE,regular-file,video/manual_uploads/IMG_7609.MP4,5708439,
c9c04eb7232015cf5be554ac9e332f4ca6ae636b,DELETE,regular-file,video/manual_uploads/IMG_7610.MP4,8013024,
b4683eb506106cb841abb046c7007c897d53f000,DELETE,regular-file,video/manual_uploads/IMG_7611.MP4,1846816,
26dee5632394880a66e93cff4e2f58c9efdfa648,DELETE,regular-file,video/manual_uploads/IMG_7612.MP4,3099435,
e38ba8fcdf00d612b7eca3388b0e3ab3dc95f709,DELETE,regular-file,video/manual_uploads/IMG_7613.MP4,3153111,
8c62d93b87ae47ebc359b15c9fe5e74131a0bc31,DELETE,regular-file,video/manual_uploads/IMG_7614.MP4,3648956,
1c44c2540283007c8e6487effbd9a68a95360416,DELETE,regular-file,video/manual_uploads/IMG_7615.MP4,5516290,
6cd0a52d65bd48d8c57f79e35fc0aa392b5fea24,DELETE,regular-file,video/manual_uploads/IMG_7616.MP4,3450293,
6f80249ff47ea355d3ecf58ad77c7e33284262dc,DELETE,regular-file,video/manual_uploads/IMG_7617.MP4,4769042,
40f2bd0f15db24815515df80f94dc51bba6acc31,DELETE,regular-file,video/manual_uploads/IMG_7618.MP4,3528455,
ee92697840a1c345ec90a5f6e114cad049d6eef1,DELETE,regular-file,video/manual_uploads/IMG_7619.MP4,5076124,
5ffdc52241d05a3ea64aa40ad9ed6c3d4027a3f5,DELETE,regular-file,video/manual_uploads/IMG_7620.MP4,1994134,
779f7f67c1f7e811c0ae872696b7cf0d38707052,DELETE,regular-file,video/manual_uploads/IMG_7621.MP4,7170256,
0f0c02f08027c3ea894854b2b0a0ed0e1d77c5cf,DELETE,regular-file,video/manual_uploads/IMG_7622.MP4,3983073,
462aa52d9ed8827270a8324e3a00054a5d62d5d0,DELETE,regular-file,video/manual_uploads/IMG_7623.MP4,4600998,
8f20c0a650c35624145d9602d43b60d7ce61f5a8,DELETE,regular-file,video/manual_uploads/IMG_7624.MP4,5911595,
58134b8289a3f65ee0db12aba11c8ee9597ce3e7,DELETE,regular-file,video/manual_uploads/IMG_7625.MP4,3047273,
5c495a759a444850c287b239a2fa8a7bc66f96aa,DELETE,regular-file,video/manual_uploads/IMG_7626.MP4,4414259,
ff103e8d4542c4458f2bb1fc1fe4ae77a874c298,DELETE,regular-file,video/manual_uploads/IMG_7627.MP4,3353238,
a8d601610309aeb67938ea71ada70da411c5e683,DELETE,regular-file,video/manual_uploads/IMG_7628.MP4,5331007,
d6e08e6085807a5027267a0bed26c310356d7170,DELETE,regular-file,video/manual_uploads/IMG_7629.MP4,4054198,
4699806f4a5a37da41b8fe0b1eff69f0b6ba2f8d,DELETE,regular-file,video/manual_uploads/IMG_7630.MP4,4690784,
6aec69815631a111932da69a21b0a4e5a1d9e113,DELETE,regular-file,video/manual_uploads/IMG_7631.MP4,3591620,
d3a3a0981a3e2c1ddeff3856b6e60293bcd66f68,DELETE,regular-file,video/manual_uploads/IMG_7632.MP4,6442246,
52a2be3dab7aa6707292e43918b76aa505820b22,DELETE,regular-file,video/manual_uploads/IMG_7633.MP4,5065139,
fd75eb5ac3a9366466c60daf7cdfc0642b3576c3,DELETE,regular-file,video/manual_uploads/IMG_7634.MP4,2726668,
3e99ce4c935fd4accfe3d33613859caf8dbfafe3,DELETE,regular-file,video/manual_uploads/IMG_7635.MP4,2666764,
1f41cffbe631d72f0e927ce316eef9ec153c7587,DELETE,regular-file,video/manual_uploads/IMG_7636.MP4,3285399,
ac59753bd173e7dc6e403603ca4e8b2841c21672,DELETE,regular-file,video/manual_uploads/IMG_7637.MP4,6007014,
33642a832d583b46940a0e5f3470c0dc8220851b,DELETE,regular-file,video/manual_uploads/IMG_7638.MP4,1936888,
5e128df566d2d92c3e6fd972fd53b21595dcee51,DELETE,regular-file,video/manual_uploads/IMG_7639.MP4,5010660,
c1429637b4d4ddd3080c194d465dc24b59d419ac,DELETE,regular-file,video/manual_uploads/IMG_7640.MP4,3882974,
4c3f55c5b3191d5f2ceebaf6e72ee9b61c409401,DELETE,regular-file,video/manual_uploads/IMG_7641.MP4,4594219,
9fe648e5d0f4a1b22b52c07601c958895fe2b56c,DELETE,regular-file,video/manual_uploads/IMG_7642.MP4,4134558,
2c8a56a8ad7777ded5c05814ce2c183136d0b45f,DELETE,regular-file,video/manual_uploads/IMG_7643.MP4,6094041,
260c7d75da582b760f281add530e15116d50b943,DELETE,regular-file,video/manual_uploads/IMG_7644.MP4,3531150,
c7f7a56f4e2e93b812a7809451ef1c5f58f6bc65,DELETE,regular-file,video/manual_uploads/IMG_7645.MP4,4694685,
8cbe9845769d55941b8b7e4afda9f41131fcc015,DELETE,regular-file,video/manual_uploads/IMG_7646.MP4,4736709,
d75a4fd20b4e81b5526843cd7ab0e479049e7638,DELETE,regular-file,video/manual_uploads/IMG_7647.MP4,4786461,
62c328c886651c1393655d0dbe282508a184f433,DELETE,regular-file,video/manual_uploads/IMG_7648.MP4,3879556,
7df358f1c55a12d806c9fadc266ebcc853911fe6,DELETE,regular-file,video/manual_uploads/IMG_7649.MP4,3685753,
bac9f4047676af222d2b03d276150510f8e13162,DELETE,regular-file,video/manual_uploads/IMG_7650.MP4,3561347,
a2c0ac24c45c7cd67a96b0d86eb56437ae9a44c4,DELETE,regular-file,video/manual_uploads/IMG_7651.MP4,1222926,
9cc60d70b7d6644b990e93094dc70761e885a496,DELETE,regular-file,video/manual_uploads/IMG_7652.MP4,8064229,
71a0b001726fdbafe4047d4d3dd1c4e19b3ebd86,DELETE,regular-file,video/manual_uploads/IMG_7653.MP4,5943504,
567b76562e41f16ad355d80ce93f3c80a15f028d,DELETE,regular-file,video/manual_uploads/IMG_7654.MP4,6444673,
75128ca364eb79b1df585f80189a32f25eec35ed,DELETE,regular-file,video/manual_uploads/IMG_7655.MP4,1704896,
5aaedeac0a37976d8f35562f11e4044594802f7a,DELETE,regular-file,video/manual_uploads/IMG_7656.MP4,1848283,
6116ac30e038190cf13907f9adc0642138aa4258,DELETE,regular-file,video/manual_uploads/IMG_7657.MP4,5096626,
f255c15fd118dac5d826aca556b9f609857fb2fd,DELETE,regular-file,video/manual_uploads/IMG_7658.MP4,4110263,
ec3de373df4b9a39b5f027dd57fb7449401e2871,DELETE,regular-file,video/manual_uploads/IMG_7659.MP4,4439789,
8ef08c6374f02a9d99eb4af055258812fc0c929e,DELETE,regular-file,video/manual_uploads/IMG_7660.MP4,6063968,
6d33326c0d36c9c426cb9ca6e0bac94abe5a1aef,DELETE,regular-file,video/manual_uploads/IMG_7661.MP4,3549803,
5908ac2dec4d1a7c3ddae88854635c35f121717d,DELETE,regular-file,video/manual_uploads/IMG_7662.MP4,5439851,
92e66c51a27465b053402a208dd0755bb2ca049a,DELETE,regular-file,video/manual_uploads/IMG_7663.MP4,3789809,
1abd3a0e72ed2ab2649531abbce7837d2d373989,DELETE,regular-file,video/manual_uploads/IMG_7664.MP4,3847461,
428bc12fd7f6de78a0a7e3cc8f6863bedcd85e20,DELETE,regular-file,video/manual_uploads/IMG_7665.MP4,4705161,
661496c9db5934f037955ca09567d6028c24b305,DELETE,regular-file,video/manual_uploads/IMG_7666.MP4,3168797,
d91c5f9d36a005fbb558368a6677481eef7e993e,DELETE,regular-file,video/manual_uploads/IMG_7667.MP4,2745325,
cbb93b7b08d2af11273ecd709c895d222d6fe46a,DELETE,regular-file,video/manual_uploads/IMG_7668.MP4,4416462,
af9fbc2e5af756f8cbfdccdcb646c3a6de5b9d20,DELETE,regular-file,video/manual_uploads/IMG_7669.MP4,3712347,
e045d77246d1521a37a3ffd554caf404bc343179,DELETE,regular-file,video/manual_uploads/IMG_7670.MP4,5008038,
5c6d9c13b3c1876e11a143595c0dbd8a34431717,DELETE,regular-file,video/manual_uploads/IMG_7671.MP4,4281436,
4237e8a2efe770178fbc7c7ed2b999eb2a3903ee,DELETE,regular-file,video/manual_uploads/IMG_7672.MP4,2873531,
0150737e6a95805883bb478d490e447f5906b029,DELETE,regular-file,video/manual_uploads/IMG_7673.MP4,4027577,
77dd76754aad41f97d6de1a82ea0d9062ffaf104,DELETE,regular-file,video/manual_uploads/IMG_7674.MP4,2771078,
f4d82e50ada6b516a1d4551f8f502b774a24d9e9,DELETE,regular-file,video/manual_uploads/IMG_7675.MP4,3768333,
3bbfe8beda3944fb08d125e8bbeb0a7805a6a8ed,DELETE,regular-file,video/manual_uploads/IMG_7676.MP4,2426806,
77939f353c9758167fa2263ad45ddae1c6d6c323,DELETE,regular-file,video/manual_uploads/IMG_7677.MP4,2504882,
bfa9f00755645ea5820006c347c418fcb96740e3,DELETE,regular-file,video/manual_uploads/IMG_7678.MP4,4822147,
10b283e330cda4debe4a1213bb5ad7db0c7e3e52,DELETE,regular-file,video/manual_uploads/IMG_7679.MP4,5378824,
804c7e798ab293d93e2158ddc3d71f45f8068177,DELETE,regular-file,video/manual_uploads/IMG_7680.MP4,4761781,
94ad1fc0ea7475bd2e031be585de519a7eec80b3,DELETE,regular-file,video/manual_uploads/Scrimmage 2 - Part 1.MP4,134,
89b3dc5a34dffe835e815460d819e524b3410920,DELETE,regular-file,video/manual_uploads/Scrimmage 2 - Part 2.MP4,134,
